Question,Answer,Category
What is your return window?,"Customers may return most items within 30 days of delivery for a full refund, EXCEPT electronics, which have a shorter 14-day return window. Items must be unused, in original packaging, and accompanied by proof of purchase.",Returns
How do I start a return for an online order?,"Returns for online orders can be started from the My Orders page or through customer support. Once approved, a prepaid shipping label is emailed within 24 hours.",Returns
How long do refunds take?,Refunds are issued to the original payment method within 5 to 7 business days after the returned item is received and inspected. Digital wallet refunds take 1 to 3 business days.,Returns
How do I return something I bought in a physical store?,Items bought in a JumpStart retail store must be returned to a physical store with the receipt. In-store refunds are processed immediately to the original payment method.,Returns
What is the return window for electronics?,"Electronics have a 14-day return window. Items must include all accessories, cables, and manuals. Opened electronics may be subject to a 10 percent restocking fee if the packaging seal is broken.",Returns
What is the return window for fashion and clothing?,Fashion and clothing items have a 30-day return window. Tags must still be attached and items must be unworn and unwashed.,Returns
Can I return books?,Books can be returned within 30 days if undamaged and unmarked.,Returns
Can I return final sale or clearance items?,No. Final sale and clearance items are not eligible for return or refund.,Returns
Can I return a gift card or downloadable product?,"No. Gift cards, downloadable products, and personal care items are not returnable.",Returns
What happens if my item arrives damaged or defective?,Contact support within 7 days of delivery. JumpStart covers all return shipping costs for damaged or defective items and offers a free replacement or full refund.,Returns
Can I exchange an item for a different size or colour?,"Yes, exchanges are offered for size or colour variations of the same product, subject to stock availability. If the variant is unavailable, a refund is issued instead.",Returns
What happens if I return an item after the return window?,Late returns may be refused or issued as store credit at JumpStart's discretion.,Returns
What delivery options do you offer?,"JumpStart offers four delivery options: Standard, Express, Same-day (selected metro areas only), and In-store pickup (Click and Collect). There is no next-day delivery option.",Delivery
How long does standard delivery take and how much does it cost?,Standard delivery takes 3 to 5 business days and is free for orders over $50 (otherwise $4.99).,Delivery
How long does express delivery take and how much does it cost?,Express delivery takes 1 to 2 business days for a flat $9.99.,Delivery
Is same-day delivery available?,"Same-day delivery is available in selected metro areas, for orders placed before 12:00 noon, for a $14.99 fee.",Delivery
Is in-store pickup free?,"In-store pickup (Click and Collect) is free, with orders ready within 2 hours during store opening hours.",Delivery
How long does order processing take?,Orders are processed within 24 hours on business days. Orders placed on weekends or public holidays are processed the next business day.,Delivery
How do I track my order?,A tracking number is emailed as soon as the order ships. You can also track orders in real time from the My Orders page. Tracking updates may take up to 12 hours to appear after dispatch.,Delivery
Do you deliver internationally or to remote and rural areas?,"No international shipping is available - JumpStart delivers nationwide only. Remote and rural areas within that are still covered, but may require 2 to 3 additional business days.",Delivery
How are large items like furniture or TVs delivered?,Furniture and large appliances such as TVs over 50 inches are delivered by a two-person team. You'll be contacted within 48 hours of ordering to schedule a delivery window.,Delivery
What happens if I miss my delivery?,"The courier attempts delivery twice. After a second failed attempt, the parcel is held at the nearest pickup point for 7 days before being returned to the warehouse.",Delivery
What should I do if my parcel is delayed or lost?,"Check tracking first. If tracking hasn't updated for more than 3 business days, contact support - a replacement or refund is arranged for confirmed lost parcels.",Delivery
Can I change my delivery address after ordering?,"Yes, free of charge, any time before the order ships. Once shipped, the address cannot be changed.",Delivery
What warranty comes with electronics?,"All electronics include a minimum 12-month manufacturer warranty covering defects in materials and workmanship. Selected brands offer 24-month warranties, listed on the product page.",Warranty
What does the electronics warranty cover?,"It covers manufacturing defects, hardware failures under normal use, battery faults within the first 12 months, and screen defects such as dead pixels per the manufacturer's pixel policy.",Warranty
What does the warranty NOT cover?,"Accidental damage such as drops or spills, water damage outside the product's rated protection, unauthorised repairs or modifications, normal wear and tear, and lost or stolen items are not covered.",Warranty
"How do I make a warranty claim, and what proof do I need?","Contact support with your JumpStart order number, tax invoice, or store receipt, plus a description or photo of the fault. Support issues a service reference and a prepaid shipping label if needed. The item is assessed within 5-10 business days, and approved claims receive a repair, replacement, or refund.",Warranty
What is JumpStart Care+?,"JumpStart Care+ is an extended protection plan added at checkout on eligible electronics. It extends coverage to 36 months and adds accidental damage protection with a $49 excess per claim, up to two claims per year.",Warranty
"If I return the electronics item, do I get my Care+ plan refunded too?","Yes. If you return the electronics item within its return window, any JumpStart Care+ plan purchased for it is refunded in full at the same time, since the plan cannot cover an item you no longer own.",Warranty
Do fashion and accessories items have a warranty?,"Non-electronic items are covered by a 90-day quality guarantee against manufacturing faults such as broken zips, seams, or faulty clasps.",Warranty
How do I cancel or change my order?,"Orders can be cancelled or edited free of charge while their status is Processing. Once an order has shipped it can no longer be cancelled, but it can be returned under the 30-day return policy after it arrives.",Orders
"How do I create an account, and can I check out without one?","Click the account icon at the top right and choose Create Account - you only need a name, email address, and password. Guest checkout is also available for online orders, though creating an account lets you view order history and earn Rewards points.",Account
I forgot my password - what do I do?,Use the Forgot Password link on the sign-in form to receive a reset email. Reset links are valid for 24 hours.,Account
How can I speak to a human agent?,"Ask the chat assistant to talk to a human at any time, and it will transfer you to the live support team. Human agents are available from 09:00 to 21:00 daily.",Support
Is my personal data safe?,"Yes. JumpStart follows industry-standard security practices, encrypts all traffic, and never sells personal data to third parties.",Support
"What payment methods do you accept, and is there a fee for using them?","We accept Visa, Mastercard, American Express, Apple Pay, Google Pay, PayPal, JumpStart gift cards, and Klarna or Afterpay instalments on eligible orders. Card, digital wallet, and PayPal payments have no fee and are charged on order confirmation.",Payments
"How does the JumpStart gift card work, and how are gift-card refunds handled?","Gift card values range from $10 to $500, never expire, carry no fee, apply instantly, and cannot be redeemed for cash. Refunds for purchases paid with a gift card are credited back to the gift card balance instantly, since no external bank or card network processing is involved.",Payments
How do Klarna and Afterpay instalments work?,"They offer 4 interest-free instalments with no fee if paid on time, available for orders between $35 and $1000.",Payments
What happens if my payment is declined?,The order is not placed. Any authorisation hold is released by the bank within 1-5 business days.,Payments
What if the price of an item I bought drops shortly after I purchase it?,"If a price drops within 7 days of purchase, you can request the difference as store credit.",Payments
What is the WELCOME15 promo code?,"WELCOME15 gives 15% off a first order, for new accounts only, with a minimum spend of $20.",Promotions
Is there a student discount code?,"Yes, STUDENT12 gives 12% off fashion and books with a valid student ID or university email at checkout.",Promotions
What does the FLASH25 promo code do?,"FLASH25 gives 25% off selected electronics during seasonal flash sales, while stocks last, and cannot be combined with other codes.",Promotions
What is FREESHIP50?,FREESHIP50 gives free standard shipping automatically on orders over $50 - no code entry needed.,Promotions
How does the LOYALTY5 code work?,LOYALTY5 gives a $5 voucher redeemable for 100 JumpStart Rewards points.,Promotions
What is the BIRTHDAY15 promo code?,BIRTHDAY15 gives 15% off during your birthday month for JumpStart Rewards members.,Promotions
What product categories does JumpStart sell?,"JumpStart stocks six categories: Electronics (headphones, phones, TVs, laptops), Fashion (clothing, footwear), Accessories (watches, wallets, charging hubs), Home & Living (candles, plant pots, blankets), Sports (yoga mats, weights), and Books.",Products
Can I buy online and in store?,"Yes. All products can be purchased online through the website or in person at any JumpStart store. Online orders deliver nationwide or can be collected in-store via Click and Collect; in-store purchases can be taken home immediately, subject to stock.",Products
What happens if an item is out of stock?,Out-of-stock items can be tracked with a notify-me alert and are usually restocked within 2-3 weeks. Items are reserved in your cart for 15 minutes during checkout.,Products
Do you have a size guide for clothing?,"Yes. Clothing uses standard S/M/L/XL sizing with a size chart (chest, waist, length in cm) on every product page. Footwear is listed in both US and EU sizes.",Products
Where is your flagship store located?,"The flagship store is at 88 Orchard Boulevard, Downtown, open Monday to Saturday 10:00-21:00 and Sunday 11:00-19:00.",Store Info
What are the opening hours for the Westside Mall branch?,"The Westside Mall branch (Level 2, Westside Mall) is open daily 10:00 to 22:00.",Store Info
Do you have a store at the airport?,"Yes, the Airport outlet at Terminal 3, Departures is open daily 06:00 to 23:00.",Store Info
Are stores open on public holidays?,Stores operate on Sunday hours during public holidays unless announced otherwise on the website.,Store Info
What in-store services do you offer?,"Click and Collect pickup, an electronics trade-in desk, personal shopping appointments for fashion, free gift wrapping for purchases over $30, and a repairs drop-off point for warranty claims.",Store Info
"How do I contact customer support, and what should I have ready?","Live chat is available 24/7 via the AI assistant with handover to human agents during business hours (09:00-21:00 daily). Email support@jumpstart-retail.example responds within 1 business day. Phone 1-800-JUMPSTART is staffed daily 09:00-21:00. Have ready: your order number (format JS-2026-XXX), the email address on your account, and a short description of the issue.",Store Info
What is JumpStart Rewards?,"JumpStart Rewards is a free loyalty programme. Members earn 1 point per $1 spent, 100 points equal a $5 voucher, plus early access to sales and a 15% birthday discount.",Store Info
Are your stores wheelchair accessible?,"Yes, all stores are wheelchair accessible with accessible parking, and staff are trained to assist customers with additional needs.",Store Info
How does support work when I chat with JumpStart?,"Every conversation starts with the AI assistant, which can check order status, explain return, delivery, warranty, and payment policies, and search for products or stores immediately, any time of day.",Support
When does the AI hand me over to a human agent?,"The AI hands you to a human agent when you explicitly ask for one, when it isn't confident enough in an answer, when a question needs a judgement call it isn't authorised to make (like approving a refund or cancellation), or when it detects real frustration alongside a complaint.",Support
What happens during a handover to a human agent?,"You'll see a short message explaining why you're being connected to a person, then a queue indicator. A summary of what the AI already understood is handed to the staff member, so you shouldn't need to repeat your whole question.",Support
What are human agent hours?,"Live agents are available 09:00 to 21:00 daily. Outside those hours, the AI keeps helping with anything it can, and urgent handovers are queued for the next available agent.",Support
Can I give feedback after a conversation ends?,"Yes, you can rate the help you received after a conversation ends. Feedback is reviewed by the support team and used to improve both the AI assistant and staff training.",Support
What does the Processing order status mean?,"The order has been placed and payment confirmed, but hasn't yet been packed or handed to a courier. It can still be cancelled or edited for free at this stage, and typically lasts up to 24 hours on business days.",Orders
What does the Dispatched order status mean?,"The order has left the JumpStart warehouse and is with the courier network, with an active tracking number. It can no longer be cancelled at this stage, but can be returned once delivered.",Orders
What does Out for Delivery mean?,The courier is actively delivering the parcel that day. Same-day delivery orders and the final leg of standard or express orders both show this status.,Orders
What does Delivered mean for my order?,The order has been handed to the customer or left at the agreed safe location. This is the date the item's return window starts counting from.,Orders
What does Cancelled mean for an order?,"The order was cancelled before dispatch, either by the customer during Processing or by JumpStart (for example if an item became unavailable). Refunds for cancelled orders are issued immediately.",Orders
What does Return In Transit mean?,A return has been approved and the item is on its way back to the JumpStart warehouse. Refunds are processed within 5-7 business days of the item arriving and passing inspection.,Orders
What if my order seems stuck in the same status for days?,"If an order appears stuck in one status for more than 3 business days without a tracking update, customer support can investigate and arrange a replacement or refund for confirmed lost parcels.",Orders
Can I transfer my warranty if I sell the product?,No. Warranties are valid for the original purchaser only and are not transferable.,Warranty
What specs are shown on product pages for laptops and headphones?,"Laptops list processor, RAM, storage, and screen size up front for easy comparison. Headphones and audio gear list driver size, battery life, and noise cancellation type.",Products
How do I update the email or phone number on my account?,Go to Account Settings and edit your email or phone number directly. A verification link or code is sent to confirm the change before it takes effect.,Account
Can I delete my JumpStart account?,"Yes, account deletion can be requested from Account Settings or via customer support. It permanently removes your saved details and order history after a 30-day grace period.",Account
"Do displayed prices include tax, and what currency are they shown in?","Yes, all prices already include applicable sales tax, so the price at checkout matches the product page. Prices are shown and charged in USD, regardless of your delivery location within the country.",Payments
Can I split a payment across two different payment methods?,"Yes, a JumpStart gift card can be combined with one other payment method (card, PayPal, or digital wallet) to cover the remaining balance at checkout.",Payments
Do you price match with other retailers?,"No, JumpStart does not price match competitor listings, though the post-purchase price-drop credit applies if JumpStart's own price drops within 7 days.",Payments
Is there a delivery cutoff before public holidays?,Orders must be placed by 14:00 the business day before a public holiday to be processed before the closure; later orders are processed on the next business day.,Delivery
Can I return an item without the original receipt?,"A digital order confirmation, the email on your account, or a card statement showing the purchase can be used in place of a paper receipt for both online and in-store returns.",Returns
